Data Year,ID,Property Name,Reporting Status,Address,ZIP Code,Chicago Energy Rating,Exempt From Chicago Energy Rating,Community Area,Primary Property Type,Gross Floor Area - Buildings (sq ft),Year Built,# of Buildings,Water Use (kGal),ENERGY STAR Score,Electricity Use (kBtu),Natural Gas Use (kBtu),District Steam Use (kBtu),District Chilled Water Use (kBtu),All Other Fuel Use (kBtu),Site EUI (kBtu/sq ft),Source EUI (kBtu/sq ft),Weather Normalized Site EUI (kBtu/sq ft),Weather Normalized Source EUI (kBtu/sq ft),Total GHG Emissions (Metric Tons CO2e),GHG Intensity (kg CO2e/sq ft),Latitude,Longitude,Location,Row_ID
2023,158394,Michigan - 180 Property LLC,Submitted,180 N Michigan,60601,"2,0",,Loop,Office,231.521,1927,1,,,"8.824.280,8","7.780.096,4",,,,"71,7",142,"76,7","147,9","1.647,9","7,1",41.8869,-87.6244,POINT (-87.6244 41.8869),2023-158394
2023,240752,200 N. Dearborn CA,Submitted,200 N. Dearborn Street,60601,"2,0",,Loop,Multifamily Housing,359.953,1989,1,,44,"8.500.636,5","20.033.149,6",,,,"79,3","124,6","86,4",132,"2.253,5","6,3","41,897304","-87,634804",POINT (-87.634804 41.897304),2023-240752
2023,101739,One South Dearborn,Submitted,1 South Dearborn,60603,"4,0",,Loop,Office,942.732,2005,1,6.059,81,"39.542.224,4",,,,,"41,9","117,4","43,8","122,6","5.532,7","5,9","41,880032","-87,659376",POINT (-87.659376 41.880032),2023-101739
2023,250146,Brooks Building LLC,Submitted,223 Jackson Blvd.,60606,"2,0",,Loop,Office,167.574,1909,1,,43,10.089.620,"4.124.520,1",,,,"84,8","194,4","90,3","203,9","1.630,8","9,7","41,888878","-87,632662",POINT (-87.632662 41.888878),2023-250146
2023,101748,One South Wacker,Submitted,1 S. Wacker,60606,"4,0",,Loop,Office,1.387.952,1982,1,,82,"53.987.356,2",,,,,"38,9","108,9","41,1","114,9","7.553,9","5,4","41,89034","-87,763241",POINT (-87.763241 41.89034),2023-101748
2023,173598,The Chicago Theatre,Submitted,175 North State Street,60601,"4,0",,Loop,Performing Arts,700.000,1921,1,,,"2.654.814,4",2.707.398,,,,"7,7","14,7",9,"16,2","515,3","0,7","41,881722","-87,637164",POINT (-87.637164 41.881722),2023-173598
2023,173617,105 W Madison,Submitted,105 W Madison Street,60602,"3,5",,Loop,Office,140.000,1928,1,,60,"7.318.146,4","3.239.800,1",,,,"75,4","170,7",79,"174,4",1.196,"8,5",41.8818,-87.6295,POINT (-87.6295 41.8818),2023-173617
2023,101798,Headquarters Q12380,Not Covered 2024,225 W Randolph,60606,,true,Loop,Office,,,,,,,,,,,,,,,,,"41,909597","-87,626312",POINT (-87.626312 41.909597),2023-101798
2023,236382,Randolph Place Residences Condominium Association,Submitted,165 N Canal Street,60606,"4,0",,Near West Side,Multifamily Housing,749.100,1922,1,,98,"10.214.430,8","22.340.484,2",,,,"43,5","69,5","48,9","74,9","2.615,8","3,5","41,904275","-87,634642",POINT (-87.634642 41.904275),2023-236382
2023,158406,65 E Wacker Place,Submitted,65 E Wacker Place,60601,"3,5",,Loop,Office,249.062,1928,1,1.464,79,"4.315.111,4","8.019.320,2",,4.355.460,,67,"98,2","72,7","104,3","1.259,2","5,1",41.8878,-87.6248,POINT (-87.6248 41.8878),2023-158406
2023,101813,150 North Michigan,Submitted,150 North Michigan Avenue,60601,"3,5",,Loop,Office,708.981,1984,1,,75,"29.044.493,7","9.768,4",,,,41,"114,7","44,3",124,"4.064,4","5,7","41,798029","-87,602463",POINT (-87.602463 41.798029),2023-101813
2023,103664,Northern Trust HeadOuarters,Submitted,50 S. Lasalle,60603,"4,0",,Loop,Financial Office,584.000,1963,1,3.258,74,"21.253.850,4","16.626.013,8",,,,"64,9","131,8","70,1","137,1","3.856,9","6,6","41,939776","-87,638654",POINT (-87.638654 41.939776),2023-103664
2023,101736,71 South Wacker,Submitted,71 S. Wacker Drive,60606,"4,0",,Loop,Office,1.684.534,2005,1,,88,"68.805.585,3","533.177,8",,,,"41,2","114,7","44,8",125,"9.655,6","5,7","41,923922","-87,657347",POINT (-87.657347 41.923922),2023-101736
2023,103677,150 North Riverside Plaza,Submitted,150 N. Riverside Plaza,60606,"4,0",,Near West Side,Office,1.487.050,2017,1,,68,"63.680.212,9","1.611.198,7",,"29.192.878,4",,"63,5","138,9","65,5","146,4","10.534,2","7,1","41,921225","-87,637998",POINT (-87.637998 41.921225),2023-103677
2023,251242,330 N Clinton Condo Assoc,Submitted,330 N Clinton St,60606,"4,0",,Near West Side,Multifamily Housing,63.803,2000,1,,91,"1.201.951,4","2.437.673,4",,,,57,"92,9","62,5","98,2","297,7","4,7","41,956676","-87,786749",POINT (-87.786749 41.956676),2023-251242
2023,103696,111 South Wacker,Submitted,111 South Wacker,60606,"3,5",,Loop,Office,1.248.730,2004,1,14.952,72,"70.803.779,1",,,,,"56,7","158,8","56,7","158,8","9.906,8","7,9","41,930448","-87,639442",POINT (-87.639442 41.930448),2023-103696
2023,250171,The Heritage at Millennium Park,Submitted,130 North Garland Court,60602,"1,5",,Loop,Multifamily Housing,933.106,2005,1,,32,"43.677.613,5","13.415.790,7",,,,"61,2","146,2","66,7","158,9","6.823,9","7,3","41,89853","-87,621777",POINT (-87.621777 41.89853),2023-250171
2023,257173,24 East Washington Street,Submitted,24 East Washington Street,60602,"4,0",,Loop,Office,707.816,2020,0,872,94,"7.017.333,7","12.330.899,6",,"9.992.472,4",,"41,5","58,9","43,5","61,2","2.163,4","3,1","41,883448","-87,626994",POINT (-87.626994 41.883448),2023-257173
2023,101827,Burnham Center,Submitted,111 West Washington,60602,"3,5",,Loop,Office,597.773,1914,1,,78,"19.972.952,7","24.817.847,9",,,,"74,9","137,1","81,5","143,8","4.112,8","6,9","41,884596","-87,628795",POINT (-87.628795 41.884596),2023-101827
2023,158414,Old Republic Building,Submitted,301 317 N. Michigan Ave.,60601,"3,5",,Loop,Office,219.636,1925,1,4.206,77,"6.393.611,1","8.986.060,1",,,,70,"124,5","76,1","131,8","1.371,9","6,2","41,889384","-87,765039",POINT (-87.765039 41.889384),2023-158414
2023,250137,Club Ouarters East Wacker Drive,Submitted,75 East Wacker Drive,60601,"2,0",,Loop,Hotel,178.845,1928,1,,49,6.611.497,"13.197.000,1",,,,"110,8",181,"117,2","187,4",1.626,"9,1","41,791088","-87,601149",POINT (-87.601149 41.791088),2023-250137
2023,101731,175 W. Jackson,Submitted,175 W. Jackson,60604,"4,0",,Loop,Office,1.809.140,1928,1,7.179,79,"42.299.267,8",37.583.922,,"28.019.232,2",,"59,6","101,4","62,6","104,7","9.391,4","5,2","41,922791","-87,653377",POINT (-87.653377 41.922791),2023-101731
2023,101871,123 N Wacker,Submitted,123 N Wacker,60606,"3,5",,Loop,Office,555.996,1986,1,3,73,"24.212.053,4",,,,,"43,5","121,9","46,3","129,8","3.387,7","6,1","41,88779","-87,621279",POINT (-87.621279 41.88779),2023-101871
2023,256568,Vista Tower,Not Submitted,363 E Wacker Dr,60601,"0,0",,Loop,,,,,,,,,,,,,,,,,,"41,67812","-87,662639",POINT (-87.662639 41.67812),2023-256568
2023,101799,200 South Wacker Property LLC,Submitted,200 South Wacker Drive,60606,"3,0",,Loop,Office,843.070,1981,1,,67,"43.220.220,1",,,,,"51,3","143,5","55,6","155,7","6.047,4","7,2","41,893857","-87,635796",POINT (-87.635796 41.893857),2023-101799
2023,250144,11 East Adams LLC,Submitted,11 East Adams,60603,"3,5",,Loop,Office,161.166,1961,1,,58,"5.471.756,9","10.746.221,4",,,,"100,6","165,1","117,5",185,"1.336,4","8,3",41.8793,-87.6275,POINT (-87.6275 41.8793),2023-250144
2023,101742,James R Thompson Center,Not Covered 2024,100 W Randolph St,60601,,true,Loop,Office,,,,,,,,,,,,,,,,,"41,683992","-87,725017",POINT (-87.725017 41.683992),2023-101742
2023,250141,180 N Wacker Dr,Not Submitted,180 N Wacker Dr,60606,"0,0",,Loop,Office,,,,,,,,,,,,,,,,,"41,805576","-87,620123",POINT (-87.620123 41.805576),2023-250141
2023,101878,200 West Jackson Boulevard Building,Submitted,200 West Jackson Blvd.,60606,"3,5",,Loop,Office,534.330,1971,1,,71,12.535.612,"26.381.418,5",,"7.982.928,2",,"87,8","131,1","94,1","137,9","3.575,9","6,7","41,88321","-87,649973",POINT (-87.649973 41.88321),2023-101878
2023,256893,(IL494) - Cirrus Condominium (211 N Harbor Dr ),Submitted,211 N Harbor Dr,60601,"4,0",,Loop,Multifamily Housing,572.929,2021,1,,83,"15.021.433,7",17.091.251,,,,"56,1","104,7","61,2","110,7","3.009,6","5,3","41,770939","-87,666559",POINT (-87.666559 41.770939),2023-256893
2023,101717,55 East Monroe Office,Submitted,55 East Monroe Street,60603,"3,0",,Loop,Office,1.609.901,1972,1,,67,"78.147.999,4","652.106,5",,"29.540.806,5",,"67,3",153,"70,1","162,6","12.525,9","7,8","41,867398","-87,622701",POINT (-87.622701 41.867398),2023-101717
2023,101987,20 South Clark,Submitted,20 S Clark St,60602,"3,0",,Loop,Office,464.592,1970,1,2.695,66,"22.918.549,7",,,,,"49,3","138,1","53,4","149,4","3.206,8","6,9","41,875785","-87,626706",POINT (-87.626706 41.875785),2023-101987
2023,101943,303 West Madison,Submitted,303 West Madison,60606,"4,0",,Loop,Office,345.450,1987,1,2.348.112,79,"17.140.527,7",,,,,"49,6","138,9","52,9","148,2","2.398,3","6,9","41,75422","-87,670965",POINT (-87.670965 41.75422),2023-101943
2023,173612,Bell Federal Building,Not Submitted,79 W Monroe St,60603,"0,0",,Loop,Office,,,,,,,,,,,,,,,,,"41,914334","-87,634661",POINT (-87.634661 41.914334),2023-173612
2023,106618,215 WEST - LPC,Submitted,215 W Washington St,60606,"1,0",,Loop,Multifamily Housing,387.000,2010,1,,21,"16.281.281,7",14.851.398,,,,"80,4","158,1","87,4","169,6","3.066,9","7,9","41,966528","-87,651719",POINT (-87.651719 41.966528),2023-106618
2023,101737,100 North Riverside Plaza,Submitted,100 N Riverside Plaza,60606,,true,Near West Side,Office,874.519,1990,1,4.567,,"18.292.661,2","228.595,2",,,,"21,2","58,9","21,2","58,9","2.575,9","2,9","41,903949","-87,635489",POINT (-87.635489 41.903949),2023-101737
2023,103645,203 North LaSalle,Submitted,203 N Lasalle Street,60601,"3,5",,Loop,Office,624.735,1985,1,4.477,76,"33.719.858,9","624.066,3",,,,55,"152,2",58,"160,5","4.751,2","7,6","41,932902","-87,636373",POINT (-87.636373 41.932902),2023-103645
2023,253962,Moser Building Condominium Association,Submitted,621 S. Plymouth Ct.,60604,"4,0",,Loop,Multifamily Housing,144.649,1915,1,,98,"1.887.151,9",3.517.846,,,,"37,4","62,1","41,6","66,3","450,9","3,1","41,955549","-87,683802",POINT (-87.683802 41.955549),2023-253962
2023,251341,The Legacy at Millennium Park,Submitted,60 East Monroe St,60603,"1,5",,Loop,Multifamily Housing,815.605,2009,1,,32,25.696.725,"21.687.474,8",,"19.651.993,2",,"82,2","138,1","85,4","145,8",,,"41,835976","-87,611541",POINT (-87.611541 41.835976),2023-251341
2023,133858,Cassidy Tire,Not Covered 2024,344 N Canal St,60606,,true,Near West Side,"Repair Services (Vehicle, Shoe, Locksmith, etc.)",,,,,,,,,,,,,,,,,"41,906848","-87,627373",POINT (-87.627373 41.906848),2023-133858
2023,159524,North Harbor Tower (nr021),Submitted,175 N Harbor Dr,60601,"2,5",,Loop,Multifamily Housing,767.892,1989,1,26.641,31,"36.444.966,1",9.304.213,,,,"59,6","145,6","64,7","159,7","5.593,6","7,3","41,884616","-87,636682",POINT (-87.636682 41.884616),2023-159524
2023,241767,340 on the Park,Submitted,340 East Randolph Street,60601,"1,0",,Loop,Multifamily Housing,801.566,2007,1,,25,37.989.914,"8.694.999,8",,,,"58,2","144,1","63,5","157,8","5.777,4","7,2","41,932992","-87,640792",POINT (-87.640792 41.932992),2023-241767
2023,256782,110 North Wacker Drive - Bank of America Tower,Submitted,110 N. Wacker Drive,60606,"3,0",,Loop,Office,1.731.460,2020,1,10.015,66,"69.500.192,2",,,"41.038.429,5",,"63,8",134,65,"139,4","11.887,2","6,9","41,850821","-87,635133",POINT (-87.635133 41.850821),2023-256782
2023,101923,311 West Monroe,Submitted,311 West Monroe,60606,"3,5",,Loop,Office,425.816,1969,1,,80,15.317.257,2.253.152,,,,"41,3","106,3","42,6","107,7","2.262,9","5,3","41,888887","-87,631199",POINT (-87.631199 41.888887),2023-101923
2023,101834,One North Franklin (PNC Center),Submitted,1 N. Franklin,60606,"3,0",,Loop,Office,716.245,1991,1,3.452,70,"31.455.982,2",,,,,"43,9",123,47,"131,7","4.401,3","6,1",41.882,-87.6352,POINT (-87.6352 41.882),2023-101834
2023,101788,333 West Wacker,Submitted,333 West Wacker Drive,60606,"4,0",,Loop,Office,1.012.961,1982,1,8.618,77,"48.269.182,4",,,,,"47,7","133,5",50,"139,9","6.756,8","6,7","41,911468","-87,633007",POINT (-87.633007 41.911468),2023-101788
2023,158224,The Shoreham at Lakeshore East (sh324),Submitted,400 E South Water St,60601,"4,0",,Loop,Multifamily Housing,573.940,2005,1,21.900,64,"12.548.461,9","25.657.899,6",,,,"66,6","108,2","71,5","112,9","3.118,6","5,4","41,883251","-87,627723",POINT (-87.627723 41.883251),2023-158224
2023,101766,181 West Madison,Submitted,181 W Madison Street,60602,"3,5",,Loop,Office,1.082.248,1990,1,8.126,76,58.608.276,,,,,"54,2","151,7","56,6","158,3","8.205,6","7,6","41,878659","-87,688939",POINT (-87.688939 41.878659),2023-101766
2023,166787,St. Peter's Church,Not Submitted,110 W Madison St,60602,"0,0",,Loop,Worship Facility,,,,,,,,,,,,,,,,,"41,886687","-87,647651",POINT (-87.647651 41.886687),2023-166787
2023,101969,Chicago Temple Building,Submitted,77 W. Washington,60602,"3,0",,Loop,Office,238.531,1924,1,151.504,65,"7.339.592,2","10.126.939,7",,,,"73,2","130,7",80,"137,9","1.564,8","6,6","41,698715","-87,533013",POINT (-87.533013 41.698715),2023-101969
2023,156536,"Sunshine Enterprise, LLC Series V (228 S Wabash)",Submitted,228 South Wabash,60604,"3,0",,Loop,Office,64.630,1930,1,171,69,"3.050.738,8",,,,,"47,2","132,2","47,2","132,2","426,9","6,6","41,948684","-87,64365",POINT (-87.64365 41.948684),2023-156536
2023,101901,1123 - The Allegro Royal Sonesta - 171 W Randolph - SVC,Submitted,171 W Randolph St,60601,"2,5",,Loop,Hotel,383.168,1926,1,18.353,40,"9.598.948,6","36.266.891,4",,"19.559.809,1",,"170,7",216,"176,2",222,"4.300,2","11,2","41,994437","-87,661046",POINT (-87.661046 41.994437),2023-101901
2023,103639,121 West Wacker Drive AKA 221 N La Salle Street,Submitted,121 West Wacker Drive,60601,"4,0",,Loop,Office,417.599,1930,1,,72,"12.840.953,2","19.036.005,7",,,,"76,3",134,"83,3","141,3","2.807,8","6,7","41,796755","-87,723409",POINT (-87.723409 41.796755),2023-103639
2023,240956,Harbor Point,Submitted,155 Harbor Drive,60601,"2,5",,Loop,Multifamily Housing,1.192.576,1974,1,,51,33.773.143,"37.405.679,4",,,,"59,7","112,2","65,6","122,4","6.712,3","5,6","41,894029","-87,639837",POINT (-87.639837 41.894029),2023-240956
2023,160046,River Point,Submitted,444 W Lake St,60606,"4,0",,Near West Side,Office,1.239.203,2016,1,13.384,86,"49.959.683,7","4.051.468,6",,,,"43,6","116,3","45,9","122,7","7.205,5","5,8","41,757335","-87,6327",POINT (-87.6327 41.757335),2023-160046
2023,175590,Hampton Inn Chicago Downtown/N Loop/Michigan Ave,Not Submitted,68  E Wacker Pl,60601,"0,0",,Loop,Residential,,,,,,,,,,,,,,,,,"41,872799","-87,624338",POINT (-87.624338 41.872799),2023-175590
2023,253967,20 N State,Submitted,20 North State Street,60602,"2,0",,Loop,Multifamily Housing,211.608,1930,1,,43,"7.889.090,7","9.626.537,4",,,,"82,8","152,2","89,5","159,9","1.615,1","7,6","41,75051","-87,645565",POINT (-87.645565 41.75051),2023-253967
2023,173657,Chicago,Submitted,1 West Washington St,60602,"1,0",,Loop,Hotel,85.000,1895,1,4.469,7,"6.331.343,9",2.597.806,,3.259.740,,"143,4","275,6","147,8",291,"1.195,7","14,1","41,869063","-87,626016",POINT (-87.626016 41.869063),2023-173657
2023,158392,55 West Wacker Drive,Submitted,55 West Wacker Drive,60601,"3,0",,Loop,Office,278.671,1967,1,1.235,68,"7.552.116,2","14.361.548,9",,,,"78,6",130,"85,3",137,"1.819,5","6,5",41.8826,-87.6296,POINT (-87.6296 41.8826),2023-158392
2023,103595,141 West Jackson Boulevard (Chicago Board of Trade Building),Submitted,141 West Jackson Boulevard,60604,"4,0",,Loop,Office,1.567.753,1930,1,,81,"77.845.256,1",,,"47.872.899,6",,"80,2","166,8","81,2",172,13.415,"8,6","41,808765","-87,66117",POINT (-87.66117 41.808765),2023-103595
2023,250148,8 S. Michigan LLC,Submitted,8 S. Michigan Ave,60603,"3,5",,Loop,Office,180.547,1929,1,,78,"5.827.211,6","8.541.655,3",,,,"79,6",140,91,"152,2",1.269,7,41.8818,-87.6244,POINT (-87.6244 41.8818),2023-250148
2023,101865,100/150 S. Wacker,Submitted,150 South Wacker,60606,"4,0",,Loop,Office,1.281.114,1971,1,6,78,"39.573.297,6","38.151.461,2",,,,"60,7","117,8","65,1","122,4","7.563,5","5,9","41,902462","-87,624661",POINT (-87.624661 41.902462),2023-101865
2023,251220,The John Marshall Law School,Not Submitted,304 S State St,60604,"0,0",,Loop,College/University,,,,,,,,,,,,,,,,,"41,99904","-87,660512",POINT (-87.660512 41.99904),2023-251220
2023,160455,Infinite Chicago (nf04),Submitted,28 E Jackson Blvd,60604,"4,0",,Loop,Multifamily Housing,216.656,1911,2,8.996,95,"4.884.786,6","7.216.431,2",,,,"55,9","98,1","60,8","104,7","1.066,8","4,9","41,895674","-87,636372",POINT (-87.636372 41.895674),2023-160455
2023,101787,111 N Canal,Submitted,111 N. Canal St.,60606,"4,0",,Near West Side,Office,983.470,1918,1,3.814,90,"57.085.491,9","18.882.005,6",,,,"77,2","182,7","80,7","186,8","8.990,3","9,1","41,893576","-87,659367",POINT (-87.659367 41.893576),2023-101787
2023,250149,216 W Jackson Blvd,Not Covered 2024,216 W Jackson Blvd,60606,,true,Loop,Office,,,,,,,,,,,,,,,,,"41,880769","-87,633875",POINT (-87.633875 41.880769),2023-250149
2023,101790,The Jewelers Building,Submitted,35 East Wacker Drive,60601,"4,0",,Loop,Office,621.390,1927,1,,72,"20.444.359,6",20.849.366,,,,"66,5","127,4","71,6","132,7",3.968,"6,4","41,880845","-87,628591",POINT (-87.628591 41.880845),2023-101790
2023,101839,120 South Riverside Plaza,Submitted,120 South Riverside Plaza,60606,"4,0",,Near West Side,Office,787.045,1966,1,,95,"13.388.602,9","16.910.099,8",,,,"38,5","70,2","43,2","75,1","2.771,5","3,5","41,874325","-87,665142",POINT (-87.665142 41.874325),2023-101839
2023,134775,116 S. Michigan Ave.,Submitted,116 S. Michigan Ave.,60603,"4,0",,Loop,College/University,114.507,1906,1,,,"729.634,1",250.600,,,,"8,6","20,1","8,8","20,7","115,4",1,"41,773826","-87,799742",POINT (-87.799742 41.773826),2023-134775
2023,240122,(IL578) - Six N. Michigan (6 N. Michigan),Submitted,6 N. Michigan,60602,"1,0",,Loop,Multifamily Housing,230.203,1898,1,,22,"6.362.937,9",12.906.977,,,,"83,7","136,3","83,3","135,2","1.575,9","6,8","41,905897","-87,627181",POINT (-87.627181 41.905897),2023-240122
2023,101907,225 West Washington,Submitted,225 West Washington,60606,"4,0",,Loop,Office,528.730,1987,1,2.795,76,25.096.467,,,,,"47,5","132,9","50,9","142,5","3.511,5","6,6","41,869931","-87,707564",POINT (-87.707564 41.869931),2023-101907
2023,229016,Fulton House Condominium Association,Submitted,345 N. Canal St.,60606,"2,5",,Near West Side,Multifamily Housing,175.456,1900,1,,55,"7.544.568,2",,,,,43,"120,4","47,9","134,2","1.055,6",6,"41,880528","-87,624209",POINT (-87.624209 41.880528),2023-229016
2023,103804,190 N. State Street,Submitted,190 N. State Street,60601,"4,0",,Loop,Office,230.000,1917,1,,85,9.091.363,,,,,"39,5","110,7","39,5","110,7","1.272,1","5,5","41,87146","-87,629727",POINT (-87.629727 41.87146),2023-103804
2023,158380,Monroe Building,Submitted,104 S Michigan Avenue,60603,"4,0",,Loop,Office,243.166,1912,1,1.201,79,"7.328.129,3",7.645.900,,,,"61,6","117,4","66,1","121,7","1.431,5","5,9","41,883423","-87,628022",POINT (-87.628022 41.883423),2023-158380
2023,101789,200 West Madison (Brightly),Submitted,200 West Madison Street,60606,"3,0",,Loop,Office,1.001.833,1982,1,7.647,68,"46.760.788,9",,,,,"46,7","130,7","50,8","142,1","6.542,8","6,5","41,74375","-87,551898",POINT (-87.551898 41.74375),2023-101789
2023,173632,The Chicago Building,Submitted,7 West Madison Street,60603,"3,0",,Loop,Residence Hall/Dormitory,104.965,1904,1,,64,"2.159.199,5","5.975.399,6",,1.644.984,,"93,2","131,6","100,4","139,4",741,"7,1","41,849727","-87,627161",POINT (-87.627161 41.849727),2023-173632
2023,156406,"The Shops on Wabash, LLC",Submitted,17-23 N. Wabash,60602,"4,0",,Loop,Office,70.680,1900,1,,,"3.653.155,2","1.856.649,7",,,,78,"172,3","78,2","173,1","609,8","8,6","41,871698","-87,627484",POINT (-87.627484 41.871698),2023-156406
2023,160184,29 East Madison LLC,Submitted,29 E. Madison,60602,"2,5",,Loop,Office,240.076,1904,1,,60,"11.050.612,2","14.699.399,4",,,,"107,3","193,2","116,7","203,3",2.327,"9,7","41,654843","-87,544576",POINT (-87.544576 41.654843),2023-160184
2023,103698,22 West Washington,Submitted,22 West Washington Street,60602,"4,0",,Loop,Office,471.436,2008,1,7.806,82,40.398.925,,,,,"85,7","239,9","86,9","243,2","5.652,6",12,"41,890378","-87,767632",POINT (-87.767632 41.890378),2023-103698
2023,101910,154-60 N LASALLE,Submitted,160 N. Lasalle St.,60601,"3,5",,Loop,Office,464.498,1920,1,,73,"15.223.144,1","11.978.690,3",,,,"58,6","118,8","64,7","125,3","2.766,3",6,"42,008058","-87,66356",POINT (-87.66356 42.008058),2023-101910
2023,103767,57F47-CHIRL-Residence Inn Chicago DTLoop,Submitted,11 S. La Salle St.,60603,"4,0",,Loop,Hotel,350.682,2015,1,7.741,93,"9.451.958,7",11.931.129,,"5.761.023,8",,"77,4","126,1","80,6","130,2",,,"41,906011","-87,634406",POINT (-87.634406 41.906011),2023-103767
2023,244747,Lancaster Condo Association,Submitted,201 N. Westshore Drive,60601,"2,0",,Loop,Multifamily Housing,323.000,2004,1,,43,"8.698.734,4","17.474.831,8",,,,81,"132,2","87,6","139,9","2.145,3","6,6","41,771854","-87,698158",POINT (-87.698158 41.771854),2023-244747
2023,103634,Lewis & O'Malley,Submitted,25 E. Jackson Blvd.,60604,"4,0",,Loop,College/University,380.371,1928,1,,,"12.769.860,6",14.076.462,,,,"70,6","132,9","76,2","138,4","2.534,4","6,7","41,943729","-87,640859",POINT (-87.640859 41.943729),2023-103634
2023,103699,George W Dunne Cook County Office Building,Submitted,69 W. Washington Street,60602,"4,0",,Loop,Office,821.861,1965,1,5.161,91,"19.217.574,6","23.203.400,4",,,,"51,6","95,1","58,4","103,6","3.921,4","4,8","41,827733","-87,659468",POINT (-87.659468 41.827733),2023-103699
2023,250115,City Hall,Submitted,121 N. La Salle St.,60602,"1,5",,Loop,Office,411.500,1911,1,,33,"23.639.459,8","31.246.521,7",,,,"133,4","240,6","143,7","250,9","4.967,3","12,1","41,925702","-87,639266",POINT (-87.639266 41.925702),2023-250115
2023,242510,The Residences at the Joffrey Tower Condo Association,Submitted,8 E Randolph,60601,"1,0",,Loop,Multifamily Housing,410.425,2008,1,,23,"10.789.799,9","19.114.755,8",,"11.234.724,2",,"100,2","147,4","103,5",151,"3.117,1","7,6","41,892754","-87,61756",POINT (-87.61756 41.892754),2023-242510
2023,101862,101 North Wacker,Submitted,101 North Wacker Drive,60606,"4,0",,Loop,Office,667.476,1980,1,3.301,73,"36.489.610,2","1.185.997,9",,,,"56,4","154,9","60,3","165,5","5.168,6","7,7",41.8861,-87.6371,POINT (-87.6371 41.8861),2023-101862
2023,251317,Hotel Monaco Chicago,Submitted,225 N. Wabash Avenue,60601,"1,0",,Loop,Hotel,122.666,1998,1,5.059,25,"4.279.235,8","14.519.339,9",,"4.169.820,2",,"187,2","252,9","194,2","260,4","1.589,7",13,"41,95378","-87,674347",POINT (-87.674347 41.95378),2023-251317
2023,101841,122 Property LLC,Submitted,122 S. Michigan Ave.,60604,"3,0",,Loop,Office,512.369,1910,1,,66,"17.056.179,8","27.170.536,4",,"4.017.191,9",,"94,2",156,"105,8","169,5","4.041,4","7,9",41.8804,-87.6243,POINT (-87.6243 41.8804),2023-101841
2023,101873,24 W. Randolph,Submitted,24 W. Randolph,60601,"1,0",,Loop,Performing Arts,83.411,1926,0,,,"8.769.906,5","397.559,3",,"2.858.243,9",,"144,2","330,6",147,"341,2",,,"41,887713","-87,641505",POINT (-87.641505 41.887713),2023-101873
2023,158420,Millennium on LaSalle (ml033),Submitted,29 S La Salle St,60603,"3,5",,Loop,Multifamily Housing,187.875,2020,3,4.693,80,"4.994.816,2","4.463.385,3",,,,"50,3","99,4","53,1","102,3","935,9",5,"41,888087","-87,630888",POINT (-87.630888 41.888087),2023-158420
2023,103643,180 North LaSalle,Submitted,180 North Lasalle Street,60601,"4,0",,Loop,Office,859.786,1972,1,2.205,81,"21.351.333,3",20.540.316,,"14.644.031,9",,"65,8","110,1","69,6","114,7","4.850,2","5,6","41,854615","-87,651322",POINT (-87.651322 41.854615),2023-103643
2023,101559,IL0303ZZ-METCALFE FED BLDG,Submitted,77 W Jackson,60604,"4,0",,Loop,Office,799.454,1991,1,4.777,88,"28.874.983,6",,,,,"36,1","101,1","38,1","106,8","4.040,2","5,1","41,67666","-87,635707",POINT (-87.635707 41.67666),2023-101559
2023,160279,Millennium Park Plaza,Submitted,151-155 N Michigan Ave,60601,"1,0",,Loop,Multifamily Housing,610.694,1982,1,,4,"37.434.888,3","19.690.169,5",,,,"93,5","205,5","100,1","218,1","6.283,7","10,3","41,902598","-87,630093",POINT (-87.630093 41.902598),2023-160279
2023,160438,155 North Wacker,Submitted,155 N. Wacker,60606,"4,0",,Loop,Office,1.406.031,2009,1,6.148,75,"62.260.287,3",,,"26.104.079,4",,"62,8","140,9","64,5","147,3","10.087,1","7,2","41,68519","-87,64228",POINT (-87.64228 41.68519),2023-160438
2023,254367,GEMS World Academy Chicago,Not Submitted,350 E South Water St,60601,"0,0",,Loop,,,,,,,,,,,,,,,,,,"41,945247","-87,670857",POINT (-87.670857 41.945247),2023-254367
2023,158407,Canopy by Hilton Chicago Central Loop,Not Submitted,226 W Jackson Blvd,60606,"0,0",,Loop,Lodging,,,,,,,,,,,,,,,,,"41,901886","-87,633005",POINT (-87.633005 41.901886),2023-158407
2023,101744,One North Wacker,Submitted,One North Wacker Drive,60606,"4,0",,Loop,Office,1.614.398,2001,1,7.173,80,"71.947.949,1",,,"34.089.059,5",,"65,7",144,"67,7","151,7","11.863,4","7,3","41,932865","-87,647171",POINT (-87.647171 41.932865),2023-101744
2023,103685,One North State,Not Covered 2024,1 N State St,60602,,true,Loop,Office,,,,,,,,,,,,,,,,,"41,954345","-87,64535",POINT (-87.64535 41.954345),2023-103685
2023,101975,Daley Center,Submitted,14 East Jackson Blvd.,60604,,true,Loop,College/University,371.257,1930,1,,,"7.944.416,2","13.678.862,2",,"5.305.919,9",,"72,5","111,6","78,1",118,"2.117,8","5,7","41,928879","-87,641368",POINT (-87.641368 41.928879),2023-101975
2023,101562,DePaul Center,Submitted,1 East Jackson Blvd.,60604,"3,0",,Loop,College/University,701.699,1910,1,,,"39.308.547,3",885.124,,,,"57,3","158,2","57,3","158,2",5.547,"7,9","41,888943","-87,641736",POINT (-87.641736 41.888943),2023-101562
2023,101776,Hyatt Regency Chicago,Submitted,151 East Wacker Drive,60601,"3,5",,Loop,Hotel,2.022.785,1974,1,,80,"68.157.512,4","104.980.403,9",,,,"85,6","148,8","91,5","154,7","15.112,6","7,5","41,864358","-87,661643",POINT (-87.661643 41.864358),2023-101776
2023,256833,,Not Covered 2024,145 South Wells,60606,,true,Loop,Commercial,,,,,,,,,,,,,,,,,"42,001475","-87,656648",POINT (-87.656648 42.001475),2023-256833
2023,256819,,Not Submitted,100 South State Street,60603,"0,0",,Loop,Commercial,,,,,,,,,,,,,,,,,"41,900688","-87,629497",POINT (-87.629497 41.900688),2023-256819
2023,101850,One East Wacker,Submitted,One East Wacker Drive,60601,"4,0",,Loop,Office,804.247,1962,1,,92,"11.739.933,5","25.999.353,3",,,,"46,9","74,8","52,4",81,"3.023,6","3,8",41.8878,-87.6258,POINT (-87.6258 41.8878),2023-101850
2023,101919,MarOuette Building,Submitted,140 South Dearborn Street,60603,"3,5",,Loop,Office,372.265,1895,1,,78,"17.155.873,6","993.796,5",,"4.153.223,9",,"59,9",142,"64,1","154,7","2.672,1","7,2","41,861843","-87,702196",POINT (-87.702196 41.861843),2023-101919
2023,101760,Leo Burnett Building,Submitted,35 W. Wacker Dr.,60601,"4,0",,Loop,Office,1.392.096,1989,1,12.502,76,69.059.299,,,,,"49,6","138,9",52,"145,7","9.662,7","6,9","41,949528","-87,686055",POINT (-87.686055 41.949528),2023-101760
2023,160197,Symphony Center,Submitted,220 South Michigan Avenue,60604,"2,0",,Loop,Performing Arts,294.211,1997,1,,,"11.147.581,5",18.018.612,,"10.943.459,5",,"136,3","204,2","144,1","213,2","3.093,5","10,5","41,892055","-87,683179",POINT (-87.683179 41.892055),2023-160197
2023,160434,MDA City Apartments,Not Submitted,63 E Lake St,60601,"0,0",,Loop,Residential,,,,,,,,,,,,,,,,,"41,83649","-87,618374",POINT (-87.618374 41.83649),2023-160434
2023,173615,5 N. Wabash,Submitted,5 N. Wabash,60602,"4,0",,Loop,Multifamily Housing,170.184,1910,1,,92,2.513.632,"3.995.243,6",,,,"38,2",66,"43,1","71,7","563,9","3,3","41,899051","-87,627098",POINT (-87.627098 41.899051),2023-173615
2023,239946,Metropolitan Tower Condo Association,Submitted,310 S Michigan Ave,60604,"3,0",,Loop,Multifamily Housing,579.393,1924,1,,63,"13.760.164,3","22.374.283,9",,,,"62,4",107,"67,3","112,4","3.113,7","5,4","41,886019","-87,648799",POINT (-87.648799 41.886019),2023-239946
2023,241820,Park Millennium Condominium Association,Submitted,222 N. Columbus Dr.,60601,"1,5",,Loop,Multifamily Housing,582.773,2002,1,,32,19.578.001,"28.885.079,3",,,,"83,2","146,1","90,4",155,"4.273,6","7,3","41,907945","-87,631537",POINT (-87.631537 41.907945),2023-241820
2023,121212,Village Market at Lakeshore East,Submitted,333 E. Benton Place,60601,"0,0",,Loop,Enclosed Mall,104.652,2011,1,,,"2.213.862,6","10.852.280,3",,,,"124,9","168,1","134,2",179,"872,4","8,3","41,9413","-87,640412",POINT (-87.640412 41.9413),2023-121212
2023,101900,"WASHINGTON FRANKLIN, LLC",Submitted,309 W. Washington St,60606,"3,5",,Loop,Office,105.313,1922,1,,71,3.251.599,"4.384.118,4",,,,"72,5","130,2","79,5","136,6","687,8","6,5","41,893469","-87,622894",POINT (-87.622894 41.893469),2023-101900
2023,101762,RICHARD J. DALEY CENTER,Submitted,50 W. Washington,60602,"3,0",,Loop,Courthouse,1.541.766,1965,1,31.952,68,"47.757.683,9","72.963.954,3",,,,"78,3","136,4","86,4","144,9","10.557,7","6,8","41,889835","-87,636969",POINT (-87.636969 41.889835),2023-101762
2023,107850,300 W Adams,Not Covered 2024,300 W Adams,60606,,true,Loop,Office,,,,,,,,,,,,,,,,,"41,8658","-87,676074",POINT (-87.676074 41.8658),2023-107850
2023,103679,300 South Riverside Plaza,Submitted,300 South Riverside Plaza,60606,"4,0",,Near West Side,Office,1.225.724,1983,1,6.062,82,"50.678.515,5",,,,,"41,3","115,8","44,4","124,2","7.090,9","5,8",41.8779,-87.6388,POINT (-87.6388 41.8779),2023-103679
2023,158236,9672e-CHISR-Renaissance Chicago Hotel,Submitted,1 West Wacker Drive,60601,"2,5",,Loop,Hotel,537.323,1990,1,26.497,53,"23.627.881,8","33.821.299,3",,,,"106,9","189,2","112,5","194,3","5.102,4","9,5","41,734098","-87,646757",POINT (-87.646757 41.734098),2023-158236
2023,103770,CME Group Inc,Not Covered 2024,333 S Lasalle St,60604,,true,Loop,Financial Office,,,,,,,,,,,,,,,,,"41,958362","-87,651114",POINT (-87.651114 41.958362),2023-103770
2023,101867,125 South Wacker,Submitted,125 S Wacker Drive,60606,"3,0",,Loop,Office,641.962,1974,1,2.551,66,"33.020.238,5",,,,,"51,4",144,"55,2","154,7","4.620,2","7,2","41,725984","-87,593106",POINT (-87.593106 41.725984),2023-101867
2023,243929,(IL1074) ParkShore Condominium (195 N. Harbor Drive),Submitted,195 N. Harbor Drive,60601,"1,0",,Loop,Multifamily Housing,1.009.778,1991,1,,18,"38.339.628,5","21.301.198,2",,,,"59,1","128,5","61,3","130,8","6.495,9","6,4","41,836488","-87,617008",POINT (-87.617008 41.836488),2023-243929
2023,101972,150 North Wacker Drive,Submitted,150 North Wacker Drive,60606,"2,0",,Loop,Office,295.894,1970,1,2.051,50,"7.565.939,2","31.174.025,5",,,,"130,9","182,2","151,7","205,1","2.714,4","9,2","41,986538","-87,673245",POINT (-87.673245 41.986538),2023-101972
2023,254364,HYP-Loop-Chicago,Submitted,28 N. Franklin St.,60606,"4,0",,Loop,Hotel,142.321,2015,1,6.281,63,"5.174.676,5","8.937.499,6",,,,"99,2","167,7","105,5","174,1","1.198,8","8,4","41,786328","-87,705136",POINT (-87.705136 41.786328),2023-254364
2023,101838,191 North Wacker,Submitted,191 North Wacker Drive,60606,"4,0",,Loop,Office,778.325,2003,1,3.907,81,"30.306.274,6",,,,,"38,9",109,"41,4","115,9","4.240,4","5,4",41.8877,-87.6365,POINT (-87.6365 41.8877),2023-101838
2023,103644,Onni 200 LaSalle,Submitted,200 N Lasalle Ave,60601,"4,0",,Loop,Office,698.645,1984,1,,80,"30.367.679,8",,,,,"43,5","121,7","46,6","130,5",4.249,"6,1","41,919357","-87,636534",POINT (-87.636534 41.919357),2023-103644
2023,101707,111 East Wacker Drive,Submitted,111 East Wacker Drive,60601,"2,0",,Loop,Office,1.111.058,1969,1,,50,"36.314.875,2","52.695.254,6",,,,"80,1","141,3",89,"152,1","7.880,1","7,1","41,95494","-87,78874",POINT (-87.78874 41.95494),2023-101707
2023,101797,303 E. Wacker,Submitted,303 E. Wacker,60601,"4,0",,Loop,Office,1.017.581,1979,1,7.028,87,"65.145.047,3","52.267,4",,,,"64,1","179,3","66,8","186,9","9.117,8",9,"42,001794","-87,673027",POINT (-87.673027 42.001794),2023-101797
2023,250167,162 North State Street,Submitted,162 N. State St.,60601,"2,5",,Loop,Residence Hall/Dormitory,318.360,1999,1,,58,"7.171.270,2","20.387.401,2",,"3.937.824,3",,"98,9","141,6","107,6","150,8","2.293,8","7,2","41,858299","-87,622194",POINT (-87.622194 41.858299),2023-250167
2023,250140,State Lake LLC,Submitted,177 North State,60601,"1,0",,Loop,Office,53.053,1872,1,,3,"8.634.585,8",,,,,"162,8","455,7","167,5",469,"1.208,1","22,8","41,97556","-87,715459",POINT (-87.715459 41.97556),2023-250140
2023,250001,120 North LaSalle,Submitted,120 North Lasalle Street,60602,"3,5",,Loop,Office,482.395,1991,1,3.482,71,"20.993.907,5",,,,,"43,5","121,9","46,5","130,1","2.937,5","6,1","41,829833","-87,607062",POINT (-87.607062 41.829833),2023-250001
2023,158472,Metropolis,Submitted,8 West Monroe Street,60603,"1,5",,Loop,Multifamily Housing,218.624,1912,1,6.193,34,"7.718.530,1","9.505.477,8",,,,"78,8","144,5","85,2","151,2","1.584,9","7,2","41,976127","-87,669466",POINT (-87.669466 41.976127),2023-158472
2023,101738,CH3 - Chicago 300 E Randolph,Submitted,300 East Randolph,60601,"3,5",,Loop,Office,2.224.842,2010,1,35.139,75,"91.736.567,7",1.464.100,,"29.808.188,8",,"55,3","128,3","57,2","134,7",,,"41,895697","-87,634676",POINT (-87.634676 41.895697),2023-101738
2023,135740,Linea Apartments,Not Submitted,211 221 W Lake St,60606,"0,0",,Loop,Residential,,,,,,,,,,,,,,,,,"41,99017","-87,717495",POINT (-87.717495 41.99017),2023-135740
2023,160321,Coast at Lakeshore East,Submitted,345 E. Wacker Drive,60601,"3,5",,Loop,Multifamily Housing,574.065,2013,1,,76,"13.734.269,5","18.204.933,5",,,,"55,6","100,3","59,6","104,9","2.888,6",5,"41,980855","-87,845072",POINT (-87.845072 41.980855),2023-160321
2023,101961,Inland Steel Building,Submitted,30 West Monroe,60603,"3,0",,Loop,Office,300.971,1958,1,,64,"8.934.066,9","20.147.414,2",,,,"96,6","153,4","108,8","167,6","2.320,2","7,7","41,807263","-87,661139",POINT (-87.661139 41.807263),2023-101961
2023,103711,Two North LaSalle,Submitted,2 North Lasalle,60602,"4,0",,Loop,Office,776.691,1978,1,3.631,81,"29.462.729,7",,,,,"37,9","106,2","41,7","116,7","4.122,4","5,3","41,796281","-87,596717",POINT (-87.596717 41.796281),2023-103711
2023,256076,Left Bank at K Station (lf69) (fb17),Submitted,300 N Canal St,60606,"1,0",,Near West Side,Multifamily Housing,453.153,2006,1,14.229,7,"11.587.128,6","47.428.591,5",,,,"130,2","181,5","139,9","191,1","4.140,4","9,1","41,843271","-87,617088",POINT (-87.617088 41.843271),2023-256076
2023,173594,19 South LaSalle Street,Not Submitted,19 S Lasalle St,60603,"0,0",,Loop,Office,,,,,,,,,,,,,,,,,"41,763591","-87,559967",POINT (-87.559967 41.763591),2023-173594
2023,103687,Sullivan Center,Submitted,1 S State St.,60603,"4,0",,Loop,Office,870.368,1899,1,5.321,80,"19.334.834,3","33.389.412,3",,,,"60,6","102,5","68,1","110,6","4.478,8","5,1","41,770189","-87,57003",POINT (-87.57003 41.770189),2023-103687
2023,256890,Cascade,Submitted,455 East Waterside Drive,60601,"4,0",,Loop,Multifamily Housing,507.390,2021,1,14.003,86,"13.317.469,5","12.052.158,6",,,,50,"98,4",50,"98,4","2.503,5","4,9","41,70586","-87,653786",POINT (-87.653786 41.70586),2023-256890
2023,101889,333 North Michigan,Submitted,333 North Michigan Ave,60601,"3,0",,Loop,Office,363.431,1928,1,,62,9.718.119,"18.074.739,4",,,,"76,5","127,1","82,5","133,2","2.319,8","6,4","41,789249","-87,601108",POINT (-87.601108 41.789249),2023-101889
2023,128798,MacLean Center,Submitted,112 S. Michigan Ave.,60603,"4,0",,Loop,College/University,237.256,1908,1,,,"124.439,7","10.998.500,1",,,,"46,9","50,1","50,5",54,"601,6","2,5","41,881819","-87,626353",POINT (-87.626353 41.881819),2023-128798
2023,257151,Linea Apartments (ln257),Submitted,215 W Lake St,60606,"2,0",,Loop,Multifamily Housing,239.233,2017,4,7.128,43,"9.974.781,7","6.769.875,1",,,,70,"146,5",74,"150,7","1.755,2","7,3","41,885561","-87,634656",POINT (-87.634656 41.885561),2023-257151
2023,181840,30 E. Adams,Submitted,30 E Adams,60603,,true,Loop,Multifamily Housing,177.697,1923,1,,,"3.985.576,1",,,,,"22,4","62,8","23,6","66,2","557,7","3,1","42,01715","-87,673179",POINT (-87.673179 42.01715),2023-181840
2023,100211,73 East Lake (sl75),Submitted,73 E Lake St,60601,"4,0",,Loop,Multifamily Housing,298.552,2014,1,11.618,90,"9.053.425,9","5.370.749,9",,,,"48,3","103,8","48,3","103,8",1.552,"5,2","41,930896","-87,710166",POINT (-87.710166 41.930896),2023-100211
2023,102160,Marquee at Block 37,Not Submitted,108 N State St,60602,"0,0",,Loop,Enclosed Mall,,,,,,,,,,,,,,,,,"41,677704","-87,641985",POINT (-87.641985 41.677704),2023-102160
2023,156350,Silversmith Hotel & Suites - CSS,Submitted,10 South Wabash Avenue,60603,"3,5",,Loop,Hotel,135.000,2007,1,6.469,57,"6.516.132,2","4.081.299,9",,,,"78,5","166,9","83,7","181,4","1.128,5","8,4","41,900168","-87,6211",POINT (-87.6211 41.900168),2023-156350
2023,131291,29 N Wacker Dr,Submitted,29 North Wacker Dr,60606,"4,0",,Loop,Office,137.554,1951,1,752,82,"3.719.231,2","5.258.052,7",,,,"65,3","115,8",75,"126,1","799,7","5,8","41,803521","-87,586137",POINT (-87.586137 41.803521),2023-131291
2023,101960,Chicago Cultural Center,Submitted,78 E. Washington St.,60602,"2,0",,Loop,Other - Entertainment/Public Assembly,240.000,1897,1,,,"8.764.545,2","8.249.531,7",,,,"70,9","138,3",79,"148,1","1.664,5","6,9","41,890066","-87,716388",POINT (-87.716388 41.890066),2023-101960
2023,156731,Seventy East,Submitted,70 E. Lake Street,60601,"4,0",,Loop,Office,154.373,1927,1,865,82,"5.834.402,1",,,,,"37,8","105,8","41,8",117,"816,3","5,3","41,881172","-87,681384",POINT (-87.681384 41.881172),2023-156731
2023,160105,1063 - Royal Sonesta Chicago Riverfront 71 E Wacker Drive - SVC,Submitted,71 E Wacker Drive,60601,"4,0",,Loop,Hotel,381.540,2000,1,5.825,81,"10.256.364,2","17.104.070,6",,"9.575.628,4",,"96,8","145,2","100,1","148,8","2.848,2","7,5","41,887027","-87,616589",POINT (-87.616589 41.887027),2023-160105
2023,101801,Michigan Plaza,Submitted,205/225 N Michigan Ave,60601,"4,0",,Loop,Office,1.867.610,1981,1,12.772,43,"125.245.817,2","1.856.677,3",,,,"68,1","188,8","72,6","201,4",17.623,"9,4","41,910332","-87,630032",POINT (-87.630032 41.910332),2023-101801
2023,101756,Cook County Building,Submitted,118 N. Clark St.,60602,"4,0",,Loop,Office,638.592,1906,1,,61,29.353.872,"24.739.903,4",,,,"84,7","169,4","93,4",180,"5.421,2","8,5","41,807922","-87,590693",POINT (-87.590693 41.807922),2023-101756
2023,101980,Harold Washington College,Submitted,30 East Lake Street,60601,"0,0",,Loop,College/University,345.300,1983,1,532,,14.646.925,"1.142.119,9",,,,"45,7","122,2","48,1","127,2",2.019,"5,85","41,798741","-87,605275",POINT (-87.605275 41.798741),2023-101980
2023,101848,200 West Monroe,Submitted,200 W. Monroe,60606,"3,5",,Loop,Office,703.370,1973,1,4.293,79,"32.752.536,3","919.401,8",,,,"47,9","131,8","51,9","143,1","4.631,6","6,6","41,879763","-87,642446",POINT (-87.642446 41.879763),2023-101848
2023,103601,120 South LaSalle Street Building,Submitted,120 South Lasalle Street,60602,"4,0",,Loop,Office,760.892,1929,1,2.562,88,"13.769.580,9","17.912.329,4",,"7.547.940,1",,"51,6","84,4","54,9",88,"3.275,8","4,3","41,889448","-87,715067",POINT (-87.715067 41.889448),2023-103601
2023,256614,Block 37 (Retail),Submitted,108 North State Street,60602,"1,0",,Loop,Enclosed Mall,429.359,2009,0,9.975,,"32.448.456,7","5.888.999,1",,,,"89,3",226,"93,8","238,6",4.853,"11,3","41,900118","-87,623981",POINT (-87.623981 41.900118),2023-256614
2023,103597,30 North LaSalle Street,Submitted,30 North Lasalle Street,60602,"4,0",,Loop,Office,1.095.104,1974,1,,82,26.213.816,"29.481.829,6",,,,"50,9","95,3","55,9",101,"5.233,7","4,8","41,941282","-87,642006",POINT (-87.642006 41.941282),2023-103597
2023,101856,111 West Jackson,Submitted,111 West Jackson Blvd,60604,"3,0",,Loop,Office,671.519,1962,1,,70,"21.796.891,4",16.432.333,,"5.586.827,7",,"65,2","124,2","70,3","129,5",4.217,"6,3","41,912531","-87,696905",POINT (-87.696905 41.912531),2023-101856
2023,251269,USEF GC Century Tower LLC,Submitted,182 W Lake St,60601,"3,5",,Loop,Multifamily Housing,255.605,1930,1,6.674,72,"6.421.752,4",9.064.255,,,,"60,6","107,6","65,6","112,8",1.380,"5,4","41,79049","-87,586842",POINT (-87.586842 41.79049),2023-251269
2023,101745,161 North Clark,Submitted,161 North Clark,60601,"4,0",,Loop,Office,1.080.995,1992,1,4.319,76,"49.847.326,3",,,,,"46,1","129,1","46,1","129,1","6.974,6","6,5","41,931312","-87,710853",POINT (-87.710853 41.931312),2023-101745
2023,158219,Chicago Swissotel,Submitted,323 East Wacker Drive,60601,"3,0",,Loop,Hotel,712.669,1988,1,10.599,69,"29.482.071,3",32.739.700,,,,"87,3","164,1","91,7","168,7","5.864,1","8,2","41,976201","-87,905309",POINT (-87.905309 41.976201),2023-158219
2023,158134,The Goodman Theatre,Not Submitted,170 N Dearborn Ave,60601,"0,0",,Loop,Performing Arts,,,,,,,,,,,,,,,,,"41,952024","-87,720358",POINT (-87.720358 41.952024),2023-158134
2023,103626,151 North Franklin,Submitted,151 N. Franklin Street,60606,"4,0",,Loop,Office,947.870,2018,1,,93,"23.250.808,4","5.010.137,1",,"17.674.860,2",,"48,5","91,2","49,3",95,"4.450,8","4,7","41,872167","-87,629577",POINT (-87.629577 41.872167),2023-103626
2023,101715,The Franklin (227 West Monroe; 222 West Adams),Submitted,227 West Monroe,60606,"4,0",,Loop,Office,2.967.721,1989,1,26.833,88,"105.188.224,8","418.705,5",,,,"35,6","99,4","37,4","104,6","14.740,1",5,"41,915974","-87,643446",POINT (-87.643446 41.915974),2023-101715
2023,103600,10 South LaSalle Street,Submitted,10 South Lasalle Street,60603,"3,5",,Loop,Office,871.962,1986,1,,75,"38.419.338,1","590.873,4",,,,"44,7","124,1","47,6",132,5.407,"6,2",41.8808,-87.6321,POINT (-87.6321 41.8808),2023-103600
2023,256125,Arlo Chicago,Submitted,"168 N Michigan Ave , Arlo Chicago",60601,"1,0",,Loop,Hotel,99.279,1912,1,5.580,,"6.850.430,2","8.478.830,7",,,,"154,4","282,9","166,3","295,4","1.408,9","14,2","41,894701","-87,643067",POINT (-87.643067 41.894701),2023-256125
2023,103611,Clark-Adams,Not Covered 2024,105 W Adams St,60603,,true,Loop,Office,,,,,,,,,,,,,,,,,"41,802609","-87,586114",POINT (-87.586114 41.802609),2023-103611
2023,250134,231 South LaSalle,Submitted,231 S. Lasalle Street,60604,"4,0",,Loop,Office,1.181.159,1924,1,1.036,89,22.381.502,"18.860.742,8",,"10.701.816,1",,44,"78,1","43,9","78,5","4.924,1","4,2","41,766758","-87,719508",POINT (-87.719508 41.766758),2023-250134
2023,160237,134 N. LaSalle LLC,Submitted,134 N. Lasalle Street,60602,"3,5",,Loop,Office,204.321,1926,1,,74,6.460.298,"11.292.176,1",,,,"86,9","146,6","92,8","152,1","1.503,7","7,4","41,89591","-87,620219",POINT (-87.620219 41.89591),2023-160237
2023,244791,(IL0669) - Chandler (450 E Waterside Dr.),Submitted,450 E Waterside Dr.,60601,"3,0",,Loop,Multifamily Housing,472.824,2007,1,,62,"11.086.098,2","22.325.657,3",,,,"70,7","115,2","75,2","119,5",2.737,"5,8","41,810561","-87,603771",POINT (-87.603771 41.810561),2023-244791
2023,158405,250 South Wacker Drive,Submitted,250 S Wacker Dr,60606,"4,0",,Loop,Office,251.826,1958,1,414,84,"6.673.790,2","6.128.149,9",,,,"50,8","99,8","56,6","105,8","1.259,3",5,"41,885238","-87,627782",POINT (-87.627782 41.885238),2023-158405
2023,160277,208 S La Salle Whole Building,Not Submitted,208 S Lasalle St,60604,"0,0",,Loop,Hotel,,,,,,,,,,,,,,,,,"41,870195","-87,702162",POINT (-87.702162 41.870195),2023-160277
2023,158184,33 West Monroe,Submitted,33 W. Monroe Street,60603,"3,0",,Loop,Office,1.085.869,1980,1,2.249,61,"47.752.649,5",,,"9.494.640,4",,"52,7","131,1","55,7","140,6","7.181,9","6,6","41,803911","-87,704001",POINT (-87.704001 41.803911),2023-158184
2023,103716,Palmer House a Hilton Hotel (CHIPH),Submitted,17 E. Monroe Street,60603,"3,0",,Loop,Hotel,1.695.000,1925,3,,65,"56.200.648,1","125.396.901,8","-4.352.626,6","-1.317.655,8",,"103,8","166,7","109,3","172,2","14.165,6","8,4","41,73331","-87,544515",POINT (-87.544515 41.73331),2023-103716
2023,101989,330 WELLS OWNER LLC,Submitted,330 S. Wells Street,60606,"3,5",,Loop,Multifamily Housing,97.930,2019,1,,58,"3.679.084,8","3.701.099,5",,,,"75,4","144,9","82,4","158,5","711,4","7,3","41,946539","-87,702085",POINT (-87.702085 41.946539),2023-101989
2023,101718,70 W Madison,Submitted,70 W. Madison St,60602,"3,5",,Loop,Office,1.601.760,1981,1,,73,"72.985.960,8","488.265,1",,,,"45,9","127,9","48,8","136,2","10.238,1","6,4","41,900814","-87,621053",POINT (-87.621053 41.900814),2023-101718
2023,103780,LondonHouse Chicago,Submitted,85 E Upper Wacker Dr,60601,"1,5",,Loop,Hotel,390.430,2016,1,15.912,32,"13.815.543,2","23.953.229,9",,,,"96,7","163,5","100,7",168,"3.205,3","8,2","41,925331","-87,663122",POINT (-87.663122 41.925331),2023-103780
2023,127079,35 N. State,Submitted,35 N. State,60602,"1,0",,Loop,Retail Store,60.000,1998,1,,23,"3.916.853,7","1.395.360,1",,,,"88,5","207,2","97,2","216,3","622,2","10,4","41,874372","-87,62438",POINT (-87.62438 41.874372),2023-127079
2023,101794,225 W Wacker,Not Submitted,225 W Wacker Dr,60606,"0,0",,Loop,Office,,,,,,,,,,,,,,,,,"41,680332","-87,662585",POINT (-87.662585 41.680332),2023-101794
2023,101791,55 West Monroe,Submitted,55 West Monroe,60603,"4,0",,Loop,Office,895.765,1980,1,14.156,77,"33.041.057,1",,,,,"36,9","103,3","39,9","111,6","4.623,1","5,2",41.8806,-87.6296,POINT (-87.6296 41.8806),2023-101791
2023,101812,One North Dearborn,Submitted,1-17 N. Dearborn Street,60602,"4,0",,Loop,Office,1.088.373,1904,1,2.576,86,"33.128.265,4","5.062,4",,"12.475.079,7",,"41,9","95,7","43,9","102,2",5.293,"4,9","41,793055","-87,601488",POINT (-87.601488 41.793055),2023-101812
2023,124056,Consumer Building,Not Covered 2024,211 223 S State St,60604,,true,Loop,Commercial,,,,,,,,,,,,,,,,,"41,949648","-87,64729",POINT (-87.64729 41.949648),2023-124056
2023,101872,100 North La Salle Street,Submitted,100 North La Salle Street,60602,"3,5",,Loop,Office,151.768,1927,1,,78,5.603.653,"76.985,9",,,,"37,4","103,9","37,6","104,3","788,1","5,2","41,936448","-87,649291",POINT (-87.649291 41.936448),2023-101872
2023,252066,The Park Monroe Condominium Homes Association,Submitted,65 E. Monroe St.,60603,"4,0",,Loop,Multifamily Housing,480.820,2009,1,,69,"14.878.243,7","4.791.255,8",,,,"40,9","97,1","43,1","101,1","2.336,2","4,9","41,88082","-87,727012",POINT (-87.727012 41.88082),2023-252066
2023,101835,230 W Monroe,Not Covered 2024,230 W Monroe St,60606,,true,Loop,Office,,,,,,,,,,,,,,,,,"41,903884","-87,639437",POINT (-87.639437 41.903884),2023-101835
2023,101868,AG 300 South Wacker Owner LLC,Submitted,300 South Wacker Drive,60606,"4,0",,Loop,Office,598.410,1971,1,4.127,83,19.387.062,16.894.751,,,,"60,6","120,4",68,"129,9",3.610,6,"41,940413","-87,651223",POINT (-87.651223 41.940413),2023-101868
2023,260127,The Gage Commericial Condominium Building,Submitted,18-28 S. Michigan Avenue,60603,"4,0",,Loop,College/University,209.399,1899,1,,,"6.854.529,1","3.428.870,1",,,,"49,1","108,8","51,2","110,2","1.141,2","5,4","41,864036","-87,619297",POINT (-87.619297 41.864036),2023-260127
2023,158265,Randolph Tower City Apartments,Submitted,188 W Randolph St,60601,"1,0",,Loop,Multifamily Housing,369.145,1929,1,,27,"11.953.149,3","16.505.261,9",,,,"77,1","137,6","82,1","143,4","2.549,2","6,9","41,898465","-87,626333",POINT (-87.626333 41.898465),2023-158265
2023,101891,224 South Michigan Avenue,Submitted,224 South Michigan Avenue,60604,"4,0",,Loop,Office,412.504,1904,1,3.216,87,"12.341.194,9","10.243.921,5",,,,"54,8","109,8","62,5","119,4","2.270,9","5,5","41,877883","-87,643663",POINT (-87.643663 41.877883),2023-101891
2023,156139,300 N Michigan,Submitted,300 N Michigan,60601,"3,0",,Loop,Other,433.000,2021,1,,,"9.714.720,8","10.440.717,8",,,,"46,5","88,1","52,9","100,5","1.913,8","4,4","41,995012","-87,88724",POINT (-87.88724 41.995012),2023-156139
2023,157993,Fisher Building Apartments,Not Submitted,343 S Dearborn St,60604,"0,0",,Loop,Commercial,,,,,,,,,,,,,,,,,"41,989974","-87,748473",POINT (-87.748473 41.989974),2023-157993
2023,103606,Willis Tower (Rivion LLC),Submitted,233 S Wacker Drive,60606,"1,5",,Loop,Office,4.534.594,1973,1,63.978,32,"440.166.288,1","30.170.938,2",,,,"103,7","278,8","105,2","280,3","63.190,4","13,9","41,898347","-87,64286",POINT (-87.64286 41.898347),2023-103606
2023,103705,The National,Submitted,125 S. Clark Street,60603,"4,0",,Loop,Office,580.000,1907,1,3,79,"14.583.034,8","22.584.482,7",,"9.004.655,9",,"79,6","125,4","87,4","133,6","3.714,6","6,4",41.8796,-87.6311,POINT (-87.6311 41.8796),2023-103705
2023,251221,211 West Wacker Drive,Submitted,211 West Wacker Drive,60606,"3,5",,Loop,Office,158.063,1927,1,,78,"5.144.275,4","5.866.185,6",,,,"69,7","130,1","78,6",140,"1.031,4","6,5","41,689391","-87,669161",POINT (-87.669161 41.689391),2023-251221
2023,158424,Virgin Hotels Chicago,Not Submitted,203 209 N Wabash Ave,60601,"0,0",,Loop,Commercial,,,,,,,,,,,,,,,,,"41,93997","-87,642206",POINT (-87.642206 41.93997),2023-158424
2023,101567,The Monadnock Building,Submitted,53 West Jackson Blvd,60604,"4,0",,Loop,Office,496.749,1890,1,2.001,98,"5.145.098,8","10.675.889,9",,,,"31,8","51,6","35,2","54,8","1.286,9","2,6",41.8782,-87.6304,POINT (-87.6304 41.8782),2023-101567
2023,236031,City Centre Condominium Association,Submitted,208 W. Washington Street,60606,"4,0",,Loop,Multifamily Housing,390.000,1927,1,,81,"5.308.996,3","13.376.679,9",,5.156.316,,"61,1","86,2","65,2","90,5",,,"41,866095","-87,621502",POINT (-87.621502 41.866095),2023-236031
2023,254361,Mila Chicago,Not Submitted,201 N Garland Ct,60601,"0,0",,Loop,,,,,,,,,,,,,,,,,,"41,89677","-87,629448",POINT (-87.629448 41.89677),2023-254361
2023,103598,222 North LaSalle,Submitted,222 North Lasalle Street,60601,"4,0",,Loop,Office,1.217.630,1986,1,10.092,83,"44.796.325,1",,,,,"36,8",103,"38,9","108,9","6.269,7","5,1","41,889827","-87,637512",POINT (-87.637512 41.889827),2023-103598
2023,118349,Chicago Bar Association,Submitted,321 S. Plymouth Ct.,60604,"4,0",,Loop,Office,99.051,1990,1,234,65,"6.158.030,5",,,,,"62,2","174,1","68,7","192,3","861,6","8,7","41,967087","-87,659721",POINT (-87.659721 41.967087),2023-118349
2023,256768,,Not Submitted,355 E Wacker Dr,60601,"0,0",,Loop,,,,,,,,,,,,,,,,,,"41,981299","-87,712614",POINT (-87.712614 41.981299),2023-256768
2023,256956,Michigan Ave Suites LLC,Submitted,320 N Michigan Ave,60601,"1,0",,Loop,Multifamily Housing,95.000,2000,1,,6,"5.143.431,6","692.344,8",,,,"61,4","159,2","67,5","174,1","756,4",8,"41,886832","-87,626556",POINT (-87.626556 41.886832),2023-256956
2023,244387,Regatta Condominium Association,Submitted,420 E. Waterside Dr,60601,"3,0",,Loop,Multifamily Housing,452.227,2006,1,,67,"11.644.174,4","20.102.521,6",,,,"70,2","118,8","74,7",124,2.697,6,"41,985932","-87,728369",POINT (-87.728369 41.985932),2023-244387
2023,158316,Pendry Chicago,Submitted,230 N Michigan Ave,60601,"1,5",,Loop,Hotel,300.000,1929,1,,31,"16.561.664,4",18.677.580,,,,"117,5","219,9","123,7","226,5","3.309,4",11,"41,954128","-87,672775",POINT (-87.672775 41.954128),2023-158316
2023,102157,OneTwoPru,Submitted,130 East Randolph & 180 North Stetson,60601,"4,0",,Loop,Office,2.751.035,1972,1,26.064,80,"117.957.023,6","65.810.345,1",,,,"66,8","145,2","72,3","152,7",20.000,"7,3","41,875517","-87,714554",POINT (-87.714554 41.875517),2023-102157
2023,250063,Gallery 37,Not Submitted,66 E Randolph St,60601,"0,0",,Loop,Other - Entertainment/Public Assembly,,,,,,,,,,,,,,,,,"41,968319","-87,653409",POINT (-87.653409 41.968319),2023-250063
2023,120931,10 South State,Submitted,10-20 South State Street,60603,"4,0",,Loop,Retail Store,56.109,1970,1,273,,"1.240.004,3",,,,,"22,1","61,9","22,1","61,9","173,5","3,1","41,942171","-87,640559",POINT (-87.640559 41.942171),2023-120931
2023,103647,135 S LaSalle Property LLC,Submitted,135 S. Lasalle Street,60603,"3,0",,Loop,Office,2.453.127,1934,1,,,"37.257.970,7","70.041.484,6",,"17.962.151,8",,"51,1","79,2","57,6","86,1",9.880,4,41.8786,-87.6321,POINT (-87.6321 41.8786),2023-103647
2023,103721,The Rookery Building,Submitted,209 S. Lasalle,60604,"4,0",,Loop,Office,337.879,1886,1,,84,"19.162.192,2",,,,,"56,7","158,8","56,7","158,8","2.681,2","7,9","41,901926","-87,630073",POINT (-87.630073 41.901926),2023-103721
2023,240540,(IL0361) - Residences at Riverbend Condominium (333 N Canal St ),Submitted,333 N Canal St,60606,"4,0",,Near West Side,Multifamily Housing,594.410,2001,1,,61,"18.651.700,6","11.762.843,8",,,,"51,2","108,6","56,6","118,9","3.234,5","5,4","41,882939","-87,652824",POINT (-87.652824 41.882939),2023-240540
2023,242563,(IL279) - 212 W Washington Condo,Not Submitted,212 W Washington St,60606,"0,0",,Loop,Residential,,,,,,,,,,,,,,,,,"41,872091","-87,633425",POINT (-87.633425 41.872091),2023-242563
2023,101968,Michigan 30 LLC,Submitted,30 N. Michigan Ave,60602,"2,5",,Loop,Office,222.125,1914,1,,51,11.131.510,"9.466.799,6",,,,"92,7","185,1","104,2",200,"2.060,3","9,3","41,920157","-87,707208",POINT (-87.707208 41.920157),2023-101968
2023,101881,25 E Washington,Submitted,25 East Washington Street,60602,"4,0",,Loop,Office,497.964,1914,1,,84,"13.463.868,5",,"13.621.674,4",,,"54,4","108,6","58,6","113,7","2.788,3","5,6","41,804201","-87,604944",POINT (-87.604944 41.804201),2023-101881
2023,240429,The Buckingham Condominium Association,Submitted,360 E Randolph Street,60601,"3,0",,Loop,Multifamily Housing,506.142,1981,1,,43,"23.372.818,3","2.307.616,1",,,,"50,7","134,1","56,4","149,8","3.392,9","6,7","41,93934","-87,654233",POINT (-87.654233 41.93934),2023-240429
2023,101854,10 South Riverside Plaza,Submitted,10 South Riverside Plaza,60606,"4,0",,Near West Side,Office,786.938,1964,1,3.838,88,"23.750.883,4","16.005.000,9",,,,"50,5","105,9","55,2","111,4","4.173,3","5,3","41,949","-87,65011",POINT (-87.65011 41.949),2023-101854
2023,256615,MarOuee at Block 37,Submitted,25 West Randolph St.,60601,"2,5",,Loop,Multifamily Housing,590.021,2016,1,,57,"17.434.129,6","21.694.205,2",,,,"66,3","121,3","70,4","126,7","3.591,7","6,1","41,891754","-87,647493",POINT (-87.647493 41.891754),2023-256615
2023,173622,444 W Jackson,Submitted,444 W Jackson,60606,"2,0",,Near West Side,Fitness Center/Health Club/Gym,71.235,1974,1,,,"4.069.807,9",7.284.560,,,,"159,4","267,3","168,2","276,6","956,4","13,4","42,006253","-87,684479",POINT (-87.684479 42.006253),2023-173622
2023,175450,Goodman Theatre,Submitted,56-60 W. Randolph St.,60601,"4,0",,Loop,Office,50.913,2000,1,,,"2.101.696,5",5.929.100,,,,"157,7","237,9","167,9","248,5",609,12,"41,821114","-87,601638",POINT (-87.601638 41.821114),2023-175450
2023,103641,33 North LaSalle Street,Submitted,33 North Lasalle Street,60602,"2,5",,Loop,Office,411.612,1929,1,,56,"12.590.759,2","24.252.128,3",,725.532,,"91,3","149,1","100,8","159,1","3.088,1","7,5","41,97541","-87,708822",POINT (-87.708822 41.97541),2023-103641
2023,252125,2013-Chicago Downtown--Franklin/Madison,Submitted,1 South Franklin Street,60606,"1,0",,Loop,Hotel,140.633,1990,1,,7,"5.755.539,3","10.741.999,6",,"2.257.999,3",,"133,4","209,4","143,3","220,5",,,"41,882905","-87,654804",POINT (-87.654804 41.882905),2023-252125
2023,252068,Hampton Inn Majestic,Not Submitted,22 W Monroe St,60603,"0,0",,Loop,Hotel,,,,,,,,,,,,,,,,,"41,924024","-87,65463",POINT (-87.65463 41.924024),2023-252068
2023,250145,180 North Wabash LLC,Submitted,180 N Wabash,60601,"1,5",,Loop,Office,162.153,1919,1,,33,"10.130.098,5","9.053.486,1",,,,"118,3","233,5","125,5",242,"1.898,3","11,7","41,688796","-87,609394",POINT (-87.609394 41.688796),2023-250145
2023,157988,Union League Club Of Chicago,Submitted,65 W. Jackson,60604,"1,0",,Loop,Hotel,311.794,1926,1,9,22,"11.394.609,3","46.593.601,3",,2.711.364,,"194,7","267,1","207,6","280,7",4.212,"13,5","41,99946","-87,761821",POINT (-87.761821 41.99946),2023-157988
2023,160440,Pittsfield Building,Not Submitted,55 E Washington St,60602,"0,0",,Loop,Residential,,,,,,,,,,,,,,,,,"41,939838","-87,666366",POINT (-87.666366 41.939838),2023-160440
2023,175899,211 N Stetson Avenue,Submitted,211 N Stetson Avenue,60601,"1,0",,Loop,Fitness Center/Health Club/Gym,118.000,1991,1,,,"12.271.673,9","1.716.149,2",,,,"118,5","306,5","118,5","306,5","1.808,2","15,3","41,890045","-87,62681",POINT (-87.62681 41.890045),2023-175899
2023,257161,320 South Canal,Submitted,320 South Canal Street,60606,"3,0",,Near West Side,Office,1.797.756,2021,1,,,42.510.224,,,"24.077.375,1",,37,"78,4","37,8",82,"7.727,1","4,3","41,877126","-87,639777",POINT (-87.639777 41.877126),2023-257161
2023,252065,280 Building,Submitted,280 S. Columbus Dr.,60603,"3,0",,Loop,College/University,142.184,1973,1,,,"3.847.684,2","9.005.503,1",,"2.990.377,1",,"111,4","161,4","122,7","175,5","1.174,3","8,3","41,894152","-87,630411",POINT (-87.630411 41.894152),2023-252065
2023,156711,20 North Michigan Avenue,Submitted,20 N. Michigan Ave,60602,"3,0",,Loop,Office,214.800,1880,1,,70,"6.668.547,1","7.327.384,1",,,,"65,2","122,7","69,8","127,6","1.322,3","6,2","41,909765","-87,743376",POINT (-87.743376 41.909765),2023-156711
2023,103692,333 South Wabash,Submitted,333 S. Wabash,60604,"2,5",,Loop,Office,1.414.679,1972,1,12.200,54,"69.708.963,5","54.024.358,5",,,,"87,5","178,1","93,9","184,8","12.623,1","8,9","41,870167","-87,706289",POINT (-87.706289 41.870167),2023-103692
2023,103739,20 North Clark Street - 2821,Submitted,20 North Clark Street,60602,"3,5",,Loop,Office,445.973,1981,1,2.098,78,"17.156.739,4",,,,,"38,5","107,7","41,9","117,2","2.400,6","5,4","41,87822","-87,634524",POINT (-87.634524 41.87822),2023-103739
2023,160196,The Art Institute of Chicago,Submitted,111 South Michigan Ave,60603,"2,0",,Loop,Museum,1.008.416,1892,1,38.587,,"68.085.972,1","130.248.119,7",,,,"196,7","324,7","209,2","338,6","16.444,7","16,3","41,935984","-87,665238",POINT (-87.665238 41.935984),2023-160196
2023,103743,33 N. Dearborn,Submitted,33 N. Dearborn,60602,"3,5",,Loop,Office,372.134,1966,1,,79,"8.827.461,2","11.204.529,4",,"7.171.044,1",,"73,1","115,6","79,7","122,7","2.208,2","5,9","41,790376","-87,601428",POINT (-87.601428 41.790376),2023-103743
2023,257070,,Not Covered 2024,920 N Wells St,60606,,true,Near North Side,,,,,,,,,,,,,,,,,,"41,89965","-87,634644",POINT (-87.634644 41.89965),2023-257070
2023,231019,AOua at Lakeshore East,Submitted,225 N Columbus Dr,60601,"4,0",,Loop,Multifamily Housing,1.306.541,2009,1,,76,"30.229.399,3","62.705.599,1",,,,"71,1","115,2","74,9","119,1","7.560,3","5,8","41,979317","-87,838909",POINT (-87.838909 41.979317),2023-231019
2023,101876,55 E. Jackson AcOuisitions LLC,Submitted,55 E. Jackson Blvd,60604,"2,5",,Loop,Office,434.169,1961,1,,53,"19.461.011,1","25.145.206,6",,,,"102,7","186,3","112,8","199,1","4.058,6","9,3","41,828983","-87,632519",POINT (-87.632519 41.828983),2023-101876
2023,134965,"""I AM"" Temple of Chicago",Not Covered 2024,176 W Washington St,60602,,true,Loop,Commercial,,,,,,,,,,,,,,,,,"41,881589","-87,652086",POINT (-87.652086 41.881589),2023-134965
2023,158336,"Fairmont Chicago, Millennium Park",Submitted,200 N Columbus Dr,60601,"1,0",,Loop,Hotel,700.000,1987,1,29.518,30,"52.578.312,8",12.771.950,,,,"93,4","229,5",97,"239,6","8.035,1","11,5","41,908682","-87,627727",POINT (-87.627727 41.908682),2023-158336
2023,252086,Palmer House Office Center - Thor Equities,Not Submitted,27 E Monroe St,60603,"0,0",,Loop,Office,,,,,,,,,,,,,,,,,"41,989051","-87,665262",POINT (-87.665262 41.989051),2023-252086
2023,119987,70800552 -- Chicago,Submitted,7030 S Ashland Avenue,60601,"1,0",,West Englewood,Supermarket/Grocery Store,63.284,2006,1,,21,"7.984.443,7","15.914.027,9",,,,"377,6","617,3","377,1","615,7","1.962,5",31,"42,0127","-87,664647",POINT (-87.664647 42.0127),2023-119987
2023,135082,Standard Club of Chicago,Not Submitted,320 S Plymouth Ct,60604,"0,0",,Loop,Social/Meeting Hall,,,,,,,,,,,,,,,,,"42,006531","-87,681498",POINT (-87.681498 42.006531),2023-135082
2023,101716,311 S. Wacker,Submitted,311 South Wacker,60606,"4,0",,Loop,Office,1.433.821,1990,1,18.628,81,"64.819.597,1",,,,,"45,2","126,6","48,2","134,9","9.069,5","6,3","41,89454","-87,624095",POINT (-87.624095 41.89454),2023-101716
2023,101708,233 North Michigan Avenue,Submitted,233 North Michigan Avenue,60601,,true,Loop,Office,1.051.591,1972,1,,,"34.371.318,9","40.362.287,9",,,,"71,1","131,8","79,2","142,1","6.953,1","6,6","41,890001","-87,621439",POINT (-87.621439 41.890001),2023-101708
2023,101929,200 S. Michigan Ave,Submitted,200 S. Michigan Ave,60604,"4,0",,Loop,Office,371.566,1955,1,,92,"6.916.062,2","11.641.800,1",,,,"49,9",85,"58,6","97,3",1.586,"4,3","41,879741","-87,708082",POINT (-87.708082 41.879741),2023-101929
2023,175995,IL2125ZZ-OUINCY COURT BLDG,Submitted,11 W Ouincy Court,60604,"4,0",,Loop,Office,120.592,1985,1,256,89,"2.278.455,7","2.010.197,8",,,,"35,6","70,4","38,8","74,5","425,6","3,5","41,870716","-87,718341",POINT (-87.718341 41.870716),2023-175995
2023,134783,Alice B. Sharp Building,Submitted,37 S. Wabash Avenue,60606,"2,0",,Loop,College/University,227.736,1903,1,,,"11.210.337,1","9.507.999,8",,,,91,"181,7","98,6","189,7","2.073,6","9,1","41,775441","-87,609321",POINT (-87.609321 41.775441),2023-134783
2023,101713,Aon Center,Submitted,200 E. Randolph Street,60601,"4,0",,Loop,Office,3.193.966,1972,1,18.371,79,"86.452.665,2","68.682.641,1",,"59.941.055,4",,"67,4","115,5","69,8","118,1","18.913,7","5,9","41,89506","-87,65379",POINT (-87.65379 41.89506),2023-101713
2023,101918,Randolph Wells,Submitted,205 W Randolph,60606,"3,5",,Loop,Office,200.116,1914,1,,71,7.931.988,477.886,,,,42,"113,5","46,2","124,3","1.135,2","5,7","41,887132","-87,655832",POINT (-87.655832 41.887132),2023-101918
2023,101709,20 North Wacker Drive,Submitted,20 North Wacker Drive,60606,"3,5",,Loop,Office,1.200.000,1929,1,4.917,71,"44.307.644,6","54.810.171,9",,,,"82,6","151,3","91,9","163,4","9.110,7","7,6","41,949032","-87,646059",POINT (-87.646059 41.949032),2023-101709
2023,101757,IL0000FC-CHICAGO FEDERAL CTR,Submitted,219 S Dearborn,60604,"3,5",,Loop,Mixed Use Property,3.176.860,1975,1,9.437,74,"87.396.839,3","97.712.715,9",,,,"58,3","109,3","62,8","113,8","17.418,5","5,5","41,673438","-87,616845",POINT (-87.616845 41.673438),2023-101757
2023,101958,17 N. State LLC,Submitted,17 N. State Street,60602,"3,5",,Loop,Office,409.072,1914,1,,78,"12.752.463,6","10.647.827,8",,,,"57,2","114,6","64,6","122,9","2.349,9","5,7","41,870635","-87,627278",POINT (-87.627278 41.870635),2023-101958
2023,252107,Harris Theater for Music and Dance,Submitted,205 E Randolph Street,60601,"3,0",,Loop,Performing Arts,141.322,2003,1,,,"4.636.962,5",,,"1.241.268,1",,"41,6","99,9","43,9","107,1","714,2","5,1","41,87811","-87,627535",POINT (-87.627535 41.87811),2023-252107
2023,103640,One North LaSalle,Submitted,1 N. Lasalle,60602,"4,0",,Loop,Office,554.777,1929,1,2.608,73,"11.904.023,3","25.789.051,4",,,,"67,9","108,9","76,7",118,"3.035,4","5,5","41,864991","-87,620811",POINT (-87.620811 41.864991),2023-103640
2023,159525,Columbus Plaza Venture LLC,Submitted,233 E Wacker Drive,60601,"1,0",,Loop,Multifamily Housing,540.543,1980,1,,8,"24.356.591,8","21.003.526,9",,,,"83,9",167,93,"183,7","4.523,6","8,4","41,95966","-87,654838",POINT (-87.654838 41.95966),2023-159525
2023,101733,Two North Riverside Plaza,Submitted,2 North Riverside Plaza,60606,"3,0",,Near West Side,Office,741.315,1929,1,,64,"35.061.810,8","2.470.430,9",,,,"50,6","135,9","55,3","147,6","5.037,1","6,8","42,000324","-87,661134",POINT (-87.661134 42.000324),2023-101733
2023,101765,77 West Wacker Drive,Submitted,77 W. Wacker Drive,60601,"4,0",,Loop,Office,1.185.113,1992,1,6.007,81,"43.692.454,8",,,,,"36,9","103,2","38,8","108,7","6.113,4","5,2",41.8833,-87.6362,POINT (-87.6362 41.8833),2023-101765
2023,101846,200 West Adams St.,Submitted,200 West Adams St.,60606,"4,0",,Loop,Office,789.024,1985,1,3.389,87,"23.014.073,4",,,,,"29,2","81,7","30,8","86,2","3.220,1","4,1","41,894063","-87,621396",POINT (-87.621396 41.894063),2023-101846
2023,134779,CDM Center,Submitted,243 S. Wabash,60604,"2,0",,Loop,College/University,184.461,1916,1,,,"9.966.088,4",6.827.105,,,,91,"190,1","96,6","195,5","1.757,1","9,5","41,876562","-87,63354",POINT (-87.63354 41.876562),2023-134779
2023,101954,The Garland Building Office Condominium,Submitted,111 North Wabash,60602,"1,5",,Loop,Office,259.000,1914,1,,31,12.041.455,"11.811.500,6",,,,"92,1","178,1","101,7","188,3","2.312,2","8,9",41.8833,-87.6264,POINT (-87.6264 41.8833),2023-101954
2023,103602,190 South LaSalle,Submitted,190 South Lasalle,60603,"4,0",,Loop,Office,883.718,1985,1,5.868,76,"46.626.862,9",,,,,"52,8","147,7","55,6","155,7",6.524,"7,4","41,969552","-87,694572",POINT (-87.694572 41.969552),2023-103602
2023,160299,"OneEleven (nl025, nl026)",Submitted,111 West Wacker Drive,60601,"1,0",,Loop,Multifamily Housing,810.402,2014,1,19.504,29,"28.622.886,7","20.423.199,5",,,,"60,5","125,4","65,3","133,3","5.089,7","6,3","41,692628","-87,598763",POINT (-87.598763 41.692628),2023-160299
2023,243690,The 400 Condominium Association,Submitted,400 E. Randolph St.,60601,"3,0",,Loop,Multifamily Housing,1.110.000,1963,1,,69,"21.137.733,8","57.843.924,1",,,,"71,2",108,"76,9","113,8",6.030,"5,4","41,902526","-87,62565",POINT (-87.62565 41.902526),2023-243690
2023,101940,Mallers Building LLC,Submitted,5 S. Wabash Ave.,60603,,true,Loop,Enclosed Mall,314.262,1912,1,191,,"12.437.231,9","11.982.568,6",,,,"77,7","150,8","77,4",150,"2.376,7","7,6","41,748355","-87,668973",POINT (-87.668973 41.748355),2023-101940
2023,101950,332 Property LLC,Submitted,332 South Michigan Ave.,60604,"3,5",,Loop,Office,529.401,1910,1,,73,"14.038.594,2","26.838.213,3",,,,"77,2","127,5","84,2","134,3","3.389,8","6,4","41,760324","-87,556736",POINT (-87.556736 41.760324),2023-101950
2023,160304,The Tides at Lakeshore East (td016),Submitted,360 E South Water St,60601,"2,0",,Loop,Multifamily Housing,484.482,2008,1,23.987,49,"13.546.472,9","26.895.061,7",,,,"83,5","136,6","89,2",142,"3.323,9","6,9","41,965267","-87,659238",POINT (-87.659238 41.965267),2023-160304
2023,121043,209 W. Jackson,Submitted,209 W. Jackson,60606,"3,5",,Loop,Office,164.000,1897,1,,72,"5.955.577,1","5.894.592,8",,,,"72,3","139,4","81,1","149,7","1.146,4",7,"41,87695","-87,634048",POINT (-87.634048 41.87695),2023-121043
2023,160179,The Kimpton Gray Hotel,Submitted,39 S Lasalle St,60603,"3,5",,Loop,Hotel,239.678,2016,1,7.108,74,"9.600.466,2","8.414.909,8",,,,"75,2",149,"79,5","155,2","1.790,2","7,5","41,881147","-87,626035",POINT (-87.626035 41.881147),2023-160179
2023,173618,318 W Adams Level Office LLC,Submitted,318 W Adams,60606,"2,5",,Loop,Office,157.700,1927,1,,51,"7.712.079,8","6.261.154,7",,,,"88,6","178,6","104,5","194,3","1.411,6",9,"41,856058","-87,667248",POINT (-87.667248 41.856058),2023-173618
2023,125048,"Sunshine Enterprise, LLC - Series II (218 S Wabash)",Submitted,218 South Wabash,60604,"3,0",,Loop,Office,111.550,1900,1,1,69,"5.212.978,9",,,,,"46,7","130,9",49,"137,2","729,4","6,5","41,923237","-87,653685",POINT (-87.653685 41.923237),2023-125048
2023,173639,Madison 123 Assoc LLC,Not Submitted,123 W Madison St,60602,"0,0",,Loop,Office,,,,,,,,,,,,,,,,,"41,879303","-87,631002",POINT (-87.631002 41.879303),2023-173639
2023,101753,222 South Riverside,Submitted,222 South Riverside Plaza,60606,"4,0",,Near West Side,Office,1.237.455,1971,1,19.287,85,"37.409.646,2","32.041.693,6",,,,"56,1","111,8","60,1",116,"6.936,2","5,6","41,874634","-87,630418",POINT (-87.630418 41.874634),2023-101753
